,element,pos_prob,pri_prob
0,"(8, 4, 2, 7)",1.23007085988e-68,1.87930693732e-68
1,"(8, 4, 2, 3)",3.89573151054e-66,1.73336425802e-66
